{
    "Loss": 1.2757856520739468,
    "Accuracy": 69.31818181818183
}