{
    "Loss": 1.2151227810166099,
    "Accuracy": 74.14772727272727
}