{
    "Loss": 1.3858894218098035,
    "Accuracy": 76.42045454545455
}